{"t":[984,1008,1032,1056,1080,1104,1128,1152,1176,1200,1224,1248,1272,1296,1320,1344,1368,1392,1416,1440,1464,1488,1512,1536,1560,1584,1608,1632,1656,1680,1704,1728,1752,1776,1800,1824,1848,1872,1896,1920,1944,1968,1992,2016,2040,2064,2088,2112,2136,2160,2184,2208,2232,2256,2280,2304,2328,2352,2376,2400,2424,2448,2472,2496,2520],"Inflow":[1120,1020,1060,1190,1030,1230,1260,1240,1260,1240,1380,1430,1470,1480,1460,1430,1480,1360,1260,1130,866,1040,1200,1720,1450,1690,1730,2030,1790,1840,1910,1950,2020,1670,1390,1890,1950,1910,2030,2090,1900,2060,2200,2130,2200,2260,2610,2220,1680,2030,2470,2840,2600,2270,2610,2660,2390,2670,2660,2480,2640,4470,3210,2340,2410],"Outflow":[977,1010,1030,983,1140,1180,1490,1970,1920,2490,2180,2160,2160,2150,2140,2170,2120,3260,4470,4720,4650,5160,5140,5060,4170,4560,4560,4450,4360,3620,3010,2510,2500,2280,1500,1540,1890,2040,1820,1950,2100,1990,2080,2360,2350,2380,2290,3680,2140,2110,2820,2530,2870,2020,1680,2580,2190,2780,2760,2610,2310,1240,1820,1870,1890],"WaterLevel":[251.42,251.46333333333334,251.43,251.44333333333333,251.46,251.46,251.40333333333334,251.33666666666667,251.13666666666666,250.80333333333334,250.36666666666667,250.14666666666668,249.89000000000001,249.62666666666667,249.37333333333333,249.11,248.83756097560976,248.56666666666666,247.69666666666666,246.17,244.44666666666666,242.43,240.05666666666667,237.68333333333334,235.16,233.51,230.99,228.23,225.59,222.04,218.37599999999998,216.09,214.53714285714287,212.17,209.92,210.07,210.29333333333335,211.26666666666665,210.655,211.12666666666667,211.71833333333333,210.83333333333334,210.85999999999999,211.57333333333332,210.36666666666667,208.25,205.84,206.55,205.25,205.53,205.66666666666666,205.46666666666667,207.11333333333332,205.75,205.64,205.68,205.44571428571427,205.67666666666668,205.285,205.54,205.43,208.165,219.58,222.24,223.41],"CapCurve":{"WL":[177.1621616,207.0743904,213.8230926,219.7891743,224.7397492,228.3875123,231.4820266,234.1482192,236.4931706,238.5525742,240.5405908,242.3858336,244.1239959,245.8264647,247.4575466,249.0350883,250.5947833,252.0473978,253.5357058,254.9526269,256.3517012,257.6793886,259.0606161,260.3526101,261.6267572,262.8652109,264.1036646,265.3242716,266.509185,267.6584051,268.8076251,269.9568451,271.0703716,272.1660514,273.2617312,274.3038708,274.9150529],"Vol":[0.0625,0.5,1.55,3.65,6.45,9.25,12.05,14.85,17.65,20.45,23.25,26.05,28.85,31.65,34.45,37.25,40.05,42.85,45.65,48.45,51.25,54.05,56.85,59.65,62.45,65.25,68.05,70.85,73.65,76.45,79.25,82.05,84.85,87.65,90.45,93.25,95]}}