{"t":[0,12,72,192,288,289,312,336,383.9099715099722,383.9099715099722,420],"q":[2600,2600,4484,4484,2000,3000,3000,1500,1500,330,330],"WlFldContr":234,"WlReg":220,"volWatSupply":3}