{"t":[1200,1360,1420,1636,1996,1996.544015825915,2162,2186,2236.4034003176735,2236.4034003176735,2500],"q":[2500,2500,4500,4500,1800,3000,3000,1700,1700,1000,1000],"WlFldContr":235,"WlReg":208,"volWatSupply":3}