{"t":[0,12,72,192,288,289,312,336,405.0851851851858,405.0851851851858,420],"q":[2600,2600,4484,4484,2000,3000,3000,1500,1500,330,330],"WlFldContr":235,"WlReg":220,"volWatSupply":3}