{"t":[1200,1360,1420,1612,1960,1967.6691394658753,2162,2186,2224.9645253506615,2224.9645253506615,2500],"q":[2500,2500,4700,4700,1800,3000,3000,1700,1700,1000,1000],"WlFldContr":235,"WlReg":208,"volWatSupply":3}