{
  "Typical_Plans": [
    {
      "PlanName": "Min_SMX",
      "Plan_SMX": {
        "t": [
          1200,
          1607.4982152028772,
          1901.6695527739726,
          1935.1887156001849,
          2134.3837203314433,
          2135.068567453687,
          1995.8397518082302
        ],
        "q": [
          0,
          0,
          2350.7960120013813,
          2350.7960120013813,
          1700,
          1700,
          0
        ]
      },
      "Plan_XLD": {
        "t": [
          1200,
          1339.0492882970832,
          1376.3856357819022,
          1528.8768463597235,
          1836.2918820353175,
          2025.1246950942707,
          2025.1246950942707,
          2026.8139561528471,
          2428.9210245675195,
          2428.9210245675195,
          2500
        ],
        "q": [
          2337.913259520761,
          2337.913259520761,
          3731.595591997305,
          3731.595591997305,
          1846.296428259189,
          2609.1138291253387,
          2609.1138291253387,
          2074.834740051387,
          2074.834740051387,
          1036.16183362296,
          1036.16183362296
        ]
      }
    },
    {
      "PlanName": "Min_XLD",
      "Plan_SMX": {
        "t": [
          1200,
          1791.4835304889534,
          1791.4835304889534,
          2044.8007053055194,
          2130.954150921847,
          2159.423812901088,
          1995.8397518082302
        ],
        "q": [
          0,
          0,
          2311.7407460311224,
          2311.7407460311224,
          1376.5249452778987,
          1376.5249452778987,
          0
        ]
      },
      "Plan_XLD": {
        "t": [
          1200,
          1208.9271652972589,
          1432.868654214514,
          1460.0048420551127,
          1969.45400622092,
          1969.45400622092,
          2039.6597404886943,
          2042.9430237537756,
          2423.222294252288,
          2478.616760002889,
          2500
        ],
        "q": [
          2871.2706187655212,
          2871.2706187655212,
          4700,
          4700,
          1800,
          3423.8676502804237,
          3423.8676502804237,
          1700,
          1700,
          526.9725633243061,
          526.9725633243061
        ]
      }
    },
    {
      "PlanName": "Min_flood",
      "Plan_SMX": {
        "t": [
          1200,
          1757.727422296104,
          1811.5270407765884,
          2044.9778566182554,
          2128.824226136442,
          2171.268657731573,
          2172.340878389085
        ],
        "q": [
          0,
          0,
          2300,
          2300,
          1700,
          1700,
          0
        ]
      },
      "Plan_XLD": {
        "t": [
          1200,
          1208.8700682070746,
          1319.7793234761348,
          1457.300971700886,
          1873.6816479542956,
          1873.6816479542956,
          2039.083326059277,
          2042.974757174412,
          2404.589485825433,
          2404.589485825433,
          2500
        ],
        "q": [
          2500,
          2500,
          4700,
          4700,
          1800,
          2672.3028086049358,
          2672.3028086049358,
          1700,
          1700,
          1000,
          1000
        ]
      }
    },
    {
      "PlanName": "Max_CCD",
      "Plan_SMX": {
        "t": [
          1200,
          1611.5559416318565,
          1937.788507158123,
          2039.497703256213,
          2132.1269558003855,
          2132.1269558003855,
          2068.5295519431065
        ],
        "q": [
          0,
          0,
          2317.336692662655,
          2317.336692662655,
          1700,
          1700,
          0
        ]
      },
      "Plan_XLD": {
        "t": [
          1200,
          1341.7307670923426,
          1370.809721918575,
          1610.375728540604,
          1980.2576846233524,
          2022.641373677729,
          2028.3265635624953,
          2146.8721827402187,
          2450.96670600262,
          2471.677164948712,
          2500
        ],
        "q": [
          2630.290773993655,
          2630.290773993655,
          3720.798872549244,
          3720.798872549244,
          2173.1083774443528,
          2762.047328252548,
          2762.047328252548,
          1700,
          1700,
          1000,
          1000
        ]
      }
    }
  ]
}