{
  "Typical_Plans": [
    {
      "PlanName": "Min_SMX",
      "Plan_SMX": {
        "t": [
          1200,
          1765.8445699041893,
          1767.4908450991231,
          2140.3038799367855,
          2167.5871989128823,
          2199.191503789948,
          2217.4887851832104
        ],
        "q": [
          0,
          0,
          2300,
          2300,
          1937.0427259880869,
          1937.0427259880869,
          0
        ]
      },
      "Plan_XLD": {
        "t": [
          1200,
          1389.9000614211454,
          1489.7796625985416,
          1624.2772394052395,
          1997.9830373443583,
          1999.1571614070017,
          2126.684690496081,
          2126.684690496081,
          2439.50532249281,
          2463.0357381240624,
          2500
        ],
        "q": [
          2678.9051953380067,
          2678.9051953380067,
          2312.4956535082256,
          2312.4956535082256,
          1800,
          2679.1210813502503,
          2679.1210813502503,
          1751.0155187315377,
          1751.0155187315377,
          1000,
          1000
        ]
      }
    },
    {
      "PlanName": "Min_XLD",
      "Plan_SMX": {
        "t": [
          1200,
          1754.007482928057,
          1756.4939657535087,
          2139.3273464603753,
          2149.5129345159753,
          2203.263090518313,
          2203.263090518313
        ],
        "q": [
          0,
          0,
          2300,
          2300,
          1700,
          1700,
          0
        ]
      },
      "Plan_XLD": {
        "t": [
          1200,
          1558.8449856541652,
          1563.2591275783402,
          1642.0835841205294,
          2081.9849915291693,
          2081.9849915291693,
          2139.9569175421143,
          2139.9669003569775,
          2382.372791475377,
          2382.372791475377,
          2500
        ],
        "q": [
          2630.4988326628045,
          2630.4988326628045,
          4700,
          4700,
          1800,
          2655.553267962751,
          2655.553267962751,
          1700,
          1700,
          1000,
          1000
        ]
      }
    },
    {
      "PlanName": "Min_flood",
      "Plan_SMX": {
        "t": [
          1200,
          1765.9506957300864,
          1765.9506957300864,
          2049.695948451061,
          2109.078143362097,
          2201.3890739673157,
          2234.729196219351
        ],
        "q": [
          0,
          0,
          2300,
          2300,
          1700,
          1700,
          0
        ]
      },
      "Plan_XLD": {
        "t": [
          1200,
          1391.1949901143698,
          1400.4872106137839,
          1607.0814766411884,
          1944.5375717662923,
          2023.9331814114303,
          2138.7891242061182,
          2138.7891242061182,
          2449.1734394336777,
          2467.4386794485945,
          2500
        ],
        "q": [
          2269.506194072158,
          2269.506194072158,
          2120.2971411728504,
          2120.2971411728504,
          1815.8628866847969,
          2707.1762202474965,
          2707.1762202474965,
          2393.81080347809,
          2393.81080347809,
          1000,
          1000
        ]
      }
    },
    {
      "PlanName": "Max_CCD",
      "Plan_SMX": {
        "t": [
          1200,
          1754.007482928057,
          1756.4939657535087,
          2139.3273464603753,
          2149.5129345159753,
          2203.263090518313,
          2203.263090518313
        ],
        "q": [
          0,
          0,
          2300,
          2300,
          1700,
          1700,
          0
        ]
      },
      "Plan_XLD": {
        "t": [
          1200,
          1558.8449856541652,
          1563.2591275783402,
          1642.0835841205294,
          2081.9849915291693,
          2081.9849915291693,
          2139.9569175421143,
          2139.9669003569775,
          2382.372791475377,
          2382.372791475377,
          2500
        ],
        "q": [
          2630.4988326628045,
          2630.4988326628045,
          4700,
          4700,
          1800,
          2655.553267962751,
          2655.553267962751,
          1700,
          1700,
          1000,
          1000
        ]
      }
    }
  ]
}