{"t":[1200,1360,1420,1612,1960,1996.544015825915,2162,2186,2242.5708445301634,2242.5708445301634,2500],"q":[2500,2500,4700,4700,1800,3000,3000,1700,1700,1000,1000],"WlFldContr":235,"WlReg":208,"volWatSupply":3}