{"t":[1200,1360,1420,1636,1960,1996.544015825915,2162,2186,2247.998971431437,2247.998971431437,2500],"q":[2500,2500,4500,4500,1800,3000,3000,1700,1700,1000,1000],"WlFldContr":235,"WlReg":208,"volWatSupply":3}