{"t":[1200,1360,1420,1612,1960,2067.3887240356084,2180,2204,2345.3113901343513,2345.3113901343513,2500],"q":[2500,2500,4700,4700,1800,3000,3000,1800,1800,1000,1000],"WlFldContr":235,"WlReg":208,"volWatSupply":3}